1,5,-1,4,-3,4,4,1,-2,-1,2,-5,4,2,-2,-4
3,4,-4,1,-1,3,-4,-5,1,-3,0,2,3,3,2,-2
3,-5,5,-5,-1,-1,-1,2,-2,-1,0,-3,1,0,3,3
-4,-5,-4,-3,-4,-5,-1,0,3,0,4,-5,-4,-1,5,0
-1,-2,3,4,4,0,4,-5,1,5,-5,5,-3,0,-4,-3
-4,-4,-4,4,2,-5,-2,-4,2,2,4,0,-2,-1,-3,0
-3,-2,2,0,0,3,5,2,1,0,3,-5,0,0,-3,1
-4,0,0,4,-1,1,-2,1,1,4,1,1,4,0,3,0
-3,1,4,1,3,4,0,-1,-5,-1,-2,-3,0,-2,5,-1
2,-1,-4,-4,3,-3,0,1,3,0,1,0,1,0,-2,4
4,4,-2,0,-1,3,1,0,2,1,2,0,1,5,0,0
3,-2,0,0,3,0,-3,-3,-3,1,0,0,2,0,-1,2
-4,16,9,13,-10,-7,15,-12,10,23,-15,9,-7,-13,-10,10
6,0,12,6,-6,0,4,-9,12,10,-3,13,-14,-3,-14,5
18,-19,15,-10,18,12,-21,19,-12,-20,13,16,-13,5,5,-16
2,0,0,-4,1,1,2,4,0,-4,0,2,-6,4,-1,3
4,3,-3,-5,-3,-1,4,4,1,0,4,0,-4,4,-5,3
-4,0,3,2,0,-3,4,-5,2,-3,2,-4,5,-1,-3,0
-4,0,3,-5,1,1,1,-2,-5,-1,-2,0,2,1,-2,0
5,-2,5,-4,-3,-3,2,3,2,1,3,2,3,1,3,-4
-4,-5,0,4,-4,-1,4,-4,2,-4,2,4,3,-5,0,-1
-5,-4,3,1,1,-4,-1,3,-2,-1,-2,0,-3,-3,4,-4
-4,5,-3,4,0,2,2,1,3,2,0,-5,0,2,-5,-3
-3,-1,0,-2,0,-3,0,2,4,2,-1,5,0,-3,3,1
1,-4,-2,0,-2,3,-1,2,0,-2,4,3,0,1,3,0
2,-1,4,-5,4,-3,0,-1,-4,1,-2,1,4,-4,3,3
-1,0,3,1,0,-1,4,4,-2,-3,1,-5,5,-1,-1,0
0,-3,-1,0,-2,5,4,0,4,-4,1,-2,0,4,-4,-1
1,-1,1,3,0,0,1,5,3,4,3,1,-2,-2,-5,5
-1,0,1,-3,3,-1,0,4,4,4,3,4,0,3,-4,-2
0,-1,-4,2,0,0,0,3,0,2,0,4,0,-5,5,-5
5,0,3,0,0,-5,2,0,3,5,0,3,0,0,0,-4
-3,6,2,7,0,1,0,-6,5,8,0,1,-3,0,-8,2
0,-1,3,4,-5,-3,-2,-12,7,18,-13,8,-3,-11,-9,10
20,-14,21,22,-19,9,-17,-29,28,31,-23,22,-25,-30,-30,22
13,-23,21,30,-25,11,-22,-22,26,30,-23,23,-24,-32,-31,26
15,-2,18,23,-21,-4,-9,-25,21,24,-21,23,-24,-24,-27,25
16,-5,26,13,-8,3,-1,-19,20,10,-8,23,-28,-23,-23,8
20,8,14,-2,-23,-7,9,-22,5,9,-20,34,-29,14,-25,19
-12,-7,5,28,10,-1,-12,-12,34,33,0,-1,0,-22,-3,-7
-27,-11,11,46,17,1,-17,-15,46,55,2,-5,3,-40,-1,-2
-36,-4,32,50,14,0,-16,-17,15,41,4,1,7,-35,-27,1
-7,9,-22,-27,19,-8,21,25,-25,-1,14,-25,20,23,28,-13
11,-9,19,27,3,4,-15,-6,44,2,0,32,-49,-38,-6,-1
12,-27,52,29,20,36,-36,-5,32,0,16,59,-46,-28,-33,-25
-13,-11,41,37,16,5,-25,-28,42,25,-4,37,-40,-35,-52,-4
3,15,30,27,-22,-5,18,-27,25,12,-20,24,-27,-16,-25,15
12,17,32,39,-35,-27,8,-38,31,46,-35,29,-32,-34,-37,44
35,-14,45,41,-39,4,-22,-45,43,51,-39,38,-37,-37,-44,44
15,-7,31,30,-31,-4,-12,-30,32,41,-29,29,-26,-30,-31,32
23,-24,31,24,-28,22,-30,-30,30,25,-24,26,-24,-24,-25,23
17,-22,30,21,-28,12,-24,-24,27,19,-19,21,-21,-31,-22,18
4,0,3,4,0,0,-2,-4,-4,4,1,0,0,4,1,0
2,2,4,0,4,-2,5,2,2,2,2,0,-3,4,1,-2
-4,-1,-1,0,0,-3,0,4,0,2,2,0,0,2,-4,3
4,0,0,0,-3,2,-1,4,1,3,-1,-1,1,-1,-4,2
2,0,0,5,0,4,1,0,-3,4,5,0,-2,1,-3,3
0,-1,0,-2,0,4,-2,1,1,-1,-5,1,4,-2,5,-1
3,3,1,-1,-4,0,-1,-4,-3,0,-4,3,-8,3,-3,1
-5,-20,34,32,12,20,-20,-36,25,30,-17,31,-28,-30,-38,-14
-30,-23,30,34,19,9,-23,-43,37,53,-33,24,-30,-30,-45,-6
-10,20,18,20,-9,-5,13,-15,3,11,-7,8,2,3,-28,20
8,-6,39,16,-5,0,1,-18,13,0,-14,19,-20,-20,-25,10
13,-10,53,41,-12,11,-16,-31,42,34,-18,39,-34,-45,-36,18
6,-4,41,12,-4,19,-9,-22,7,8,-4,56,-27,-17,-52,7
23,-14,44,-6,2,20,-17,-4,0,-5,0,59,-38,3,-37,0
22,5,44,26,-37,13,2,-33,45,12,-22,71,-57,-53,-68,13
27,-4,21,-8,-42,24,19,-14,2,-2,0,79,-42,-21,-72,0
37,0,11,-3,-28,27,9,-9,19,-5,-6,62,-26,-21,-55,-2
21,3,-6,8,-25,4,21,-6,23,-4,-12,3,-18,-12,0,3
18,10,2,-16,-34,8,30,-5,-4,-2,-3,26,0,23,-29,7
37,2,2,-13,-32,6,22,-7,23,-14,-14,22,-24,24,8,8
44,2,-1,-5,-15,3,10,-16,28,-5,-11,29,-34,14,4,7
24,13,1,-8,-3,-6,4,-25,19,7,-7,38,-28,32,5,3
14,-5,16,-12,8,-10,-20,-30,-1,7,-7,42,-46,35,-13,-4
17,11,5,0,2,-17,2,-35,24,23,-16,44,-30,16,-1,4
33,1,11,-4,-3,7,-3,-19,14,2,-12,63,-59,7,-11,5
16,0,18,7,-11,7,5,-20,4,5,-6,53,-22,0,-22,6
6,11,10,6,-3,-14,11,-11,10,24,-10,12,-7,0,-4,6
27,-7,26,31,-20,26,5,-35,43,6,-27,58,-52,-28,-25,13
40,-20,41,0,-8,34,-11,25,-2,-35,15,51,-44,-21,-20,-17
29,-18,25,-11,3,29,-18,26,-11,-24,25,34,-26,-5,2,-21
0,5,2,1,3,0,4,2,-3,1,-4,-4,-4,-5,4,-3
5,3,-4,0,3,-5,-5,0,5,4,1,-1,4,2,4,-1
-3,4,-2,0,0,1,-3,-5,-3,3,0,3,0,-3,0,0
-2,0,3,3,-3,-2,-3,-2,-3,2,3,0,4,0,-3,-4
16,1,-15,25,-24,-14,16,-1,22,-18,-24,-20,-27,-17,22,26
16,-15,33,33,1,12,-24,-49,32,45,-38,54,-44,-26,-29,-2
19,-7,-21,-9,24,-42,-30,-49,39,47,-9,31,-44,18,18,-18
8,-13,-20,-20,-9,23,26,17,9,14,25,1,36,-23,-23,-19
29,4,-6,1,-47,6,15,-27,31,12,-27,31,-34,-28,-37,5
20,8,-15,-13,-23,26,25,-5,7,0,-2,9,-6,-5,-26,-9
11,-7,-13,3,-2,15,-3,-20,28,21,-5,24,-22,-39,-46,-20
20,-21,17,2,-4,17,-20,-23,16,-6,-1,51,-44,-22,-45,-3
18,-12,2,-17,16,2,-15,-20,4,11,2,28,-15,-7,-28,-18
18,-11,4,-16,1,15,-14,-21,5,12,1,42,-19,-26,-50,-14
30,-15,-15,-19,0,7,-12,-24,25,9,-4,37,-44,-12,-16,-24
24,-25,6,2,0,15,-33,-42,25,2,-10,40,-61,-33,-37,-8
12,-11,-4,-16,4,14,-17,-21,15,14,3,38,-21,-5,-33,-19
16,-7,-6,-12,0,7,-9,-30,17,12,-7,33,-25,0,-14,-9
12,-10,-6,-4,1,15,-5,-9,17,-1,3,19,-13,-4,-14,-10
3,0,-3,-9,7,11,-1,-6,12,5,4,13,-4,4,-7,-8
9,4,-13,-29,3,3,-11,-17,-2,15,4,25,-23,4,-17,-11
15,10,-7,-14,0,8,7,-20,12,19,-10,28,-5,11,-15,-4
30,-5,-18,-21,0,12,0,-11,26,16,6,21,-19,0,-4,-20
13,-3,4,-19,9,-4,-9,-30,0,14,-6,28,-17,20,-10,-1
-10,6,17,-7,0,-20,-7,-28,-29,12,-2,9,-13,31,-9,7
-43,26,18,4,-8,-38,6,-36,-26,19,-26,-11,-45,14,-16,19
6,-6,6,-8,10,-13,-8,-45,6,30,-2,33,-33,10,-1,3
33,-24,-18,-27,22,-8,-30,-2,-9,-7,23,14,4,22,22,-24
14,22,15,14,3,14,17,-42,14,30,-15,35,30,6,-19,16
-2,-5,4,0,-5,-3,-5,0,-4,2,-3,0,3,1,-3,3
0,0,-5,3,3,3,0,-2,4,0,3,2,3,0,0,-5
5,-13,-8,-4,-3,9,15,5,3,2,7,-3,3,-17,0,-7
12,-17,-39,0,-52,-4,28,25,21,-38,-18,-33,-33,-40,7,-8
1,-54,-37,-15,21,22,-18,17,45,31,36,-18,3,-14,24,-38
-13,14,-30,-6,-33,7,46,24,-9,15,11,-16,25,-1,-7,4
53,11,-9,-18,-41,16,55,-3,2,-12,-24,34,-7,-36,-21,-2
65,-13,6,-8,-8,23,10,-5,4,-33,-14,54,-22,-17,-7,-8
5,14,4,-8,10,0,1,-2,-15,6,2,4,14,0,-1,-1
14,-2,-12,-3,-22,3,11,1,1,-12,-7,2,-7,-19,-7,-7
11,-11,2,-3,4,8,-11,-2,-6,-6,-4,7,-16,-15,-6,-2
21,-1,-3,-18,-9,5,-4,-10,10,-4,-23,13,-26,-15,-8,-6
10,-8,-2,-8,6,1,-15,-6,1,0,-7,7,-10,-4,-6,-13
9,-5,-1,-9,-4,0,-10,-1,-4,-2,-4,8,-13,0,-10,-11
8,1,-7,0,-8,4,0,1,5,-8,-3,5,2,-9,-9,-3
10,-8,-1,-11,-4,4,-13,-4,-2,-5,0,1,-20,-2,-10,1
4,-13,-3,0,10,-2,-18,-13,-2,0,-1,4,-11,-5,0,-10
9,-2,-8,-10,-6,-2,-5,-10,0,-2,-1,8,-13,0,-10,-10
2,-1,1,0,5,1,0,-13,-4,4,-5,7,-7,0,-5,1
4,-13,-6,-11,6,-2,-5,-6,1,6,3,8,-15,5,-3,-13
5,0,-4,-5,1,-3,10,-1,4,7,6,3,-6,5,-2,-4
-13,3,2,0,-7,4,8,14,-3,2,5,-6,3,10,-3,9
-13,8,-5,-7,0,-13,5,-1,-2,12,12,1,12,21,9,6
-13,1,-9,0,6,-5,11,2,-1,18,16,-5,18,9,-5,-4
-30,22,12,12,4,-26,8,-16,0,29,-9,-5,14,2,0,17
-23,5,-14,-29,25,-36,-20,-4,-33,23,24,-13,19,43,15,-19
-25,-10,2,-29,21,2,-27,0,-46,8,45,4,2,19,-6,-23
-7,-22,-24,-37,13,-40,-26,-13,-27,-9,20,-25,-21,4,8,-29
-44,21,36,32,-48,25,22,-28,18,29,-28,24,6,-42,-35,35
3,-2,-3,5,0,0,-2,-5,5,3,-2,4,4,4,0,-1
-1,-2,-3,-3,0,3,-2,-1,0,3,-2,-1,-5,-4,-3,-2
53,-6,17,35,-69,14,20,-30,33,-15,-45,40,-45,-27,-29,47
45,-17,-20,-37,12,1,0,5,4,-17,4,5,-2,7,24,-21
33,8,-1,-16,-46,37,51,4,-3,-19,-15,20,-1,-27,-31,-5
12,-15,-24,-5,-10,14,41,33,17,-16,10,-15,9,13,27,-6
5,-5,-4,2,-9,7,18,12,19,-7,-2,0,1,-4,6,-2
3,-8,-15,-13,-3,0,-2,6,0,0,9,5,-9,6,2,-9
-8,1,8,4,-2,8,0,3,4,6,24,2,11,10,-17,0
-10,0,-8,-9,0,0,3,3,4,4,18,-1,7,22,-14,-7
7,-2,7,2,4,4,-1,-7,3,13,-2,10,4,0,-11,-4
-1,-2,-1,-10,8,0,-12,7,-18,-7,0,-5,12,0,0,-9
-5,-1,0,-6,-1,5,1,2,-15,-4,2,0,2,9,-3,-3
-2,-12,2,0,3,0,-7,6,-3,1,1,-2,-3,-11,0,-8
-4,1,6,-10,-2,1,-1,-7,-5,0,-3,6,1,0,-11,3
-4,4,-6,-6,-5,1,4,7,1,-1,1,-1,0,-8,-9,0
9,-6,2,-11,4,6,1,1,-1,-1,5,13,-8,11,-9,0
-5,9,5,-10,2,0,-12,-9,-7,3,-4,0,-1,8,-10,0
5,7,5,-4,2,3,0,-3,0,6,3,11,0,-1,-4,-4
10,9,-1,-7,-6,0,0,-3,-2,4,0,6,8,-4,-14,-2
7,1,-3,-10,4,-9,-8,-13,-10,2,-2,10,-7,1,-3,0
10,4,0,0,-7,-1,2,-9,6,1,-7,7,-4,3,-5,4
6,-4,-6,2,-1,2,-1,4,5,-4,5,7,-8,12,12,0
12,16,8,1,0,0,14,-1,7,-3,-3,18,4,14,3,19
-1,17,-3,0,1,-15,4,-11,4,10,-6,-4,2,11,8,14
-11,-1,7,-33,13,-11,-20,-12,-36,9,24,13,-1,38,-7,-17
12,8,5,-4,1,-32,-4,-43,14,20,-28,18,-28,5,-11,2
-2,28,21,12,-9,0,16,-29,22,29,-27,31,21,4,-14,25
-3,1,5,-2,1,4,-4,3,0,-2,-3,-5,-5,0,4,5
24,-25,-33,-29,1,30,13,-13,29,14,20,30,-25,0,-21,-26
6,-23,-7,-9,37,12,-30,-4,24,22,12,8,10,8,-1,-21
-2,-29,-17,12,-40,41,31,40,29,-20,28,-13,6,0,0,-3
11,7,2,-6,0,5,13,-2,16,0,-6,10,-2,15,5,5
-2,-5,-6,-3,3,0,0,2,12,13,21,11,4,35,4,2
4,-22,-3,3,6,13,-5,5,15,-1,22,0,-6,8,1,-10
-6,-8,6,0,-2,3,6,0,6,6,10,9,-1,12,-14,0
0,-11,-1,0,0,4,-6,6,-1,-2,17,-2,5,9,-4,-5
8,0,-9,-9,-2,0,2,11,-3,-7,5,0,8,7,1,-8
7,-9,-4,0,-1,9,-6,7,2,-6,7,1,-3,1,4,-9
-4,-2,-5,3,0,2,-7,12,5,-3,6,-10,0,-5,10,0
-8,-2,-5,3,1,-6,-12,0,-6,-4,6,-2,-7,-3,2,0
1,-5,-4,0,5,4,-13,7,-1,-8,-1,-5,3,-16,6,-13
-4,-7,-2,6,11,2,-12,1,-3,-2,-4,-7,0,-11,10,-6
0,-9,5,-2,-3,-3,-14,0,-8,-6,1,-5,0,-11,-2,-9
1,-9,0,7,4,1,-9,3,-5,-9,4,-3,1,-13,2,-12
-10,-2,4,-1,3,-5,-7,0,-7,0,3,-13,2,-10,1,-7
7,-13,-1,5,3,0,-4,11,4,-2,-4,-2,4,-12,14,-13
-11,-4,0,-8,2,-11,-9,-4,-8,3,1,-9,-4,3,6,0
0,-4,-2,0,3,-2,-4,0,0,0,-7,-3,-1,0,9,-8
-7,-1,0,6,-2,1,-4,8,0,4,12,-3,1,-6,0,-1
-2,-1,0,0,6,-1,-8,-4,4,14,11,8,6,4,0,0
-9,19,-12,-15,-4,-15,6,-5,-2,9,-17,1,3,5,-5,10
2,8,-26,-27,11,-22,3,-12,5,15,-3,14,-9,21,13,-2
5,9,-4,-44,3,-50,-16,-29,-27,0,-7,6,-32,31,-9,-2
13,12,-23,-36,7,-32,3,-5,-8,8,-6,9,-6,38,7,-3
45,9,5,8,-2,7,15,-33,18,23,-22,21,5,0,-3,9
-12,4,9,11,-2,-5,0,8,-2,0,12,-6,6,6,0,9
34,-56,-54,-35,19,62,4,-7,55,15,24,39,-33,10,-37,-57
5,-42,18,0,33,32,-22,24,-2,-17,37,14,13,15,-19,-7
-10,-31,-12,5,-3,49,-1,53,14,-18,48,-19,8,21,1,-10
12,-4,-6,-12,-53,16,27,7,10,-17,1,12,-13,8,-24,3
4,7,-3,-18,-6,22,9,-3,2,12,13,20,-8,22,-27,-5
-5,-16,0,-5,6,17,-8,15,-5,0,16,6,9,11,-5,-13
-7,-1,-1,5,0,-2,9,1,6,10,11,2,-2,12,-6,6
9,-5,0,-13,13,1,-14,-1,-11,-1,2,5,-8,9,0,-5
3,-4,-1,1,-1,5,-3,2,-1,5,9,0,0,3,0,4
-8,-7,-4,0,6,-5,-7,1,2,3,7,0,0,6,4,0
-3,2,8,5,5,8,-8,0,-2,-1,6,0,3,4,9,-5
-2,-5,-4,0,5,3,0,1,4,-1,4,-9,0,-9,11,-6
-1,-6,8,2,6,2,-3,8,-10,-12,4,-10,4,-12,4,-6
11,-6,0,8,11,6,-5,-5,1,-5,-5,-2,5,-15,12,-12
-9,-3,-9,0,-2,-4,-12,11,-9,-9,0,-10,2,-15,-1,-8
2,-6,-4,7,4,0,-12,11,-1,-8,-4,-11,0,-2,13,-2
-4,-5,-1,4,7,0,-3,6,6,8,3,-7,9,-2,7,-11
-13,-11,0,0,6,2,-8,4,-4,-1,6,-6,-4,0,4,5
4,-3,0,1,-2,2,-3,0,-3,0,4,-6,3,-1,6,2
-4,0,-11,0,2,0,2,6,2,-2,5,-7,-1,3,13,1
-3,-1,5,5,0,-8,-1,-1,-4,-2,5,-9,-1,7,11,15
-2,-7,2,-12,10,-4,-4,-3,-7,-2,7,4,-3,13,3,2
-19,7,-8,-3,9,-18,-9,0,-12,18,8,-11,0,3,-1,-7
-18,18,4,1,12,-13,-10,-7,-2,30,12,1,1,14,-2,6
17,-6,-9,-37,28,-28,-18,-23,-11,14,10,20,-5,29,22,-24
-19,32,10,-24,-14,-14,23,14,-21,-1,-3,-2,4,26,-13,20
34,13,2,3,8,0,7,-33,29,30,-15,30,10,2,3,4
38,-25,32,32,40,34,-31,-32,34,33,-33,34,-35,-37,-39,-24
-21,-50,14,31,11,52,-17,39,57,-10,47,1,-11,43,-2,-14
0,18,9,-21,28,0,21,2,-21,29,0,13,45,24,-23,-4
-16,-11,-6,-20,-33,12,10,15,1,10,24,-8,-15,39,-26,3
0,-2,-4,-15,-49,22,38,16,-9,-22,12,-4,-7,13,-26,4
-2,15,-1,-10,0,1,13,0,-12,4,4,2,1,12,-9,-2
-8,0,-2,-6,0,0,-4,5,-17,0,6,-2,-2,9,-10,-2
-8,-10,-7,-3,-9,3,12,13,3,-3,23,-1,-11,11,-9,7
-12,-7,1,6,10,-2,-7,10,-2,1,2,-4,0,-2,6,0
-13,0,9,-4,4,0,-10,0,-4,0,9,-8,5,12,-3,0
5,-8,0,0,0,3,-2,0,-2,-2,0,0,-9,1,0,-1
-3,-3,2,0,2,3,-4,0,-4,3,13,-1,0,8,6,-4
-5,-14,0,4,-5,0,-2,0,3,4,12,-2,-9,2,1,-1
-3,-6,-3,2,-4,-7,-7,0,-2,-4,-5,-5,-3,-1,-2,-4
0,-10,0,7,0,1,-10,10,5,-2,-1,-4,6,-16,1,-5
-4,-10,0,9,-2,7,-4,3,0,-1,7,-4,5,-3,0,-7
-9,-9,-2,2,2,1,-20,5,-4,4,8,-8,0,-10,0,-10
-1,-8,-1,5,-5,-1,0,0,6,-2,4,5,-3,-4,3,4
-8,-10,-12,-2,-1,3,-3,5,-2,1,7,-9,5,3,8,-7
5,-8,1,-9,-4,0,-6,2,0,-9,4,-4,-8,3,9,-6
-5,-9,0,2,12,1,-11,-1,3,-1,6,4,1,8,1,-5
-5,4,-1,-1,8,-7,-4,0,-9,1,0,-3,8,-4,2,-2
0,-19,-1,0,-3,2,-4,0,7,-4,8,3,-7,-3,-1,-6
-12,-3,20,0,23,-1,-21,-4,-6,5,18,7,-5,16,8,5
-40,8,-3,-16,31,-58,-37,-21,-18,30,12,-12,0,14,14,-4
-1,23,-23,-57,15,-61,-3,-8,-23,10,-14,0,10,40,14,-4
2,-1,-17,-33,2,-40,0,-11,-2,0,-23,8,-14,25,3,3
-3,-40,-43,-46,-11,-55,-39,-11,-20,-17,-14,-16,-37,-12,-6,-22
-19,-18,-5,18,-5,17,4,15,20,14,19,-21,-7,13,16,7
-41,-30,-17,49,28,32,-19,40,14,26,30,-39,19,34,5,-27
14,9,-11,-31,40,13,19,-5,-2,36,4,8,37,7,-16,-24
-9,-21,1,13,4,15,-17,19,10,-10,17,-8,-8,-5,-10,-11
0,-27,-14,4,-19,23,1,13,22,1,13,8,-16,-7,-19,-15
-10,-5,15,-7,-2,16,-1,12,-12,-18,10,-2,0,2,-11,-6
-11,-5,-15,-10,0,-7,-8,10,-6,0,5,-16,0,0,8,-8
7,-1,-7,-5,-7,0,3,-2,0,-2,-3,-1,-4,2,8,1
2,-5,-8,-10,-6,-1,-4,2,-1,-3,2,-6,-6,3,10,1
3,-5,2,-6,-4,-1,-7,10,-2,-4,5,0,0,3,-1,-1
0,-2,2,7,9,2,-15,4,-7,-13,1,-1,0,-3,3,0
-7,-1,5,1,6,-9,-4,-2,-6,3,0,-1,0,7,16,9
-8,-2,4,6,9,2,-9,8,3,0,7,-8,1,10,9,5
-4,-2,3,4,4,-5,-4,4,1,0,-3,-2,-2,-3,2,0
-6,-10,-4,11,3,11,-4,13,10,-4,2,-9,0,-6,-2,-7
10,-8,-8,10,-3,21,8,14,8,-14,-2,-4,2,-15,5,-2
-3,-5,-3,2,-2,15,0,9,3,-8,5,-1,0,2,0,-5
-10,-8,-6,0,0,6,-7,14,-1,-7,13,-11,0,4,-1,-9
0,-2,-2,2,1,8,-2,6,-6,0,9,-2,7,1,7,-4
-5,-3,0,1,-1,6,-12,10,-4,2,9,-1,2,-1,-8,-6
-2,-1,-8,-4,-1,0,-4,3,-5,0,5,-4,3,-5,-12,-14
0,3,-5,-7,7,1,-3,-5,1,7,7,4,-11,15,2,-4
3,-4,-9,-16,4,-3,6,2,2,-2,6,-5,-8,4,10,-13
-6,-2,16,-6,13,-3,-9,-2,-9,2,15,1,2,15,0,3
-39,-2,19,23,35,-50,-38,-26,10,36,3,-3,-7,10,23,5
-3,-17,-36,-44,13,-55,-24,-13,-12,5,21,-9,-22,43,15,-18
8,-11,-24,-34,0,-23,-10,-1,-1,-9,10,-2,-25,56,19,-7
-27,-49,-45,34,28,28,19,34,35,28,32,-27,29,33,38,-21
-14,-12,-13,22,-3,18,4,20,19,8,12,-16,-16,18,10,-3
-28,-14,-26,36,-7,8,22,30,23,20,17,-33,2,9,31,7
-21,-18,-8,20,30,21,-20,22,24,43,25,-7,16,17,13,-23
4,-14,7,-10,3,43,-1,21,7,-25,15,3,4,-13,-27,-25
-13,-9,-14,-5,12,-15,-18,-5,-7,20,5,-13,-6,7,3,-1
-13,-12,19,15,25,16,-27,8,6,-11,7,0,1,-2,-11,-1
0,-9,8,0,5,6,-15,18,-10,-20,7,-2,-2,-6,-4,-8
-4,0,3,-10,6,-10,-4,1,0,0,6,-5,-3,3,-1,-1
2,5,5,-2,4,-6,-10,-3,-5,0,-9,-1,-2,7,11,5
-12,1,7,4,10,-9,-18,-5,-10,5,5,-4,5,13,10,6
-2,4,5,-2,5,-20,-12,-3,-8,-4,2,-2,-8,6,11,15
-2,-2,17,0,5,-10,-9,-4,-2,0,-3,0,-8,4,12,8
6,4,16,-8,5,-14,-6,-12,-9,0,-1,-2,-1,8,14,6
-3,-5,-4,2,2,0,-7,-4,11,8,6,3,-7,0,4,3
1,-14,-6,14,5,0,-9,2,12,-3,5,-4,-9,-5,8,-3
0,-7,-9,9,4,2,14,8,15,-4,8,-4,-1,0,17,3
0,-12,-5,12,-2,12,1,10,15,-6,12,-8,0,0,9,-9
2,-8,0,6,-2,14,6,3,2,-7,6,2,0,-1,-3,1
-6,-4,0,-1,0,7,-6,7,-5,-3,8,-6,-1,-2,-11,-3
-9,-3,-7,-10,-5,3,-1,10,-6,-6,11,-10,2,3,-8,-4
-4,-10,-2,-1,3,4,-3,11,-2,3,12,-11,3,0,-11,-12
-3,-6,-2,-6,-5,-1,-10,1,-3,2,7,-2,1,8,0,-1
-16,-2,-7,-6,2,5,-9,8,-8,4,10,-9,11,0,-11,-12
2,-17,-5,-4,12,-7,-22,-5,0,9,-5,0,-10,-1,-5,-14
-17,9,1,-1,40,-47,-37,-43,13,47,-6,10,7,26,33,-6
7,1,-36,-8,22,-22,-2,-2,16,10,18,-4,12,20,47,-18
20,-31,-6,-15,12,3,-20,-14,28,2,15,28,-33,34,20,-16
-35,-48,-46,21,-20,24,29,40,14,-21,31,-45,13,28,25,18
-24,-9,6,17,-2,8,4,14,15,9,14,-24,6,15,14,12
-12,-38,14,55,32,40,-37,-9,53,34,8,13,-37,-11,-11,-14
-27,-20,-25,9,-20,34,5,28,29,38,34,-9,-13,37,16,1
10,-6,-25,-24,-19,34,22,16,0,-17,12,1,7,2,-37,-32
0,-15,-19,-18,0,5,-6,1,10,-2,10,-7,-11,17,9,-16
1,0,14,-5,-10,0,5,2,-4,-11,-5,1,1,4,-6,17
-1,1,10,0,19,-1,-13,-6,-16,-2,3,8,1,5,-5,-1
-16,-3,4,8,-1,-13,-16,3,-14,7,7,-12,0,5,-4,10
-8,2,-2,3,5,-24,-10,-1,-20,7,-4,-10,0,-6,7,1
-16,10,-3,-1,0,-13,-5,-4,-6,7,0,-16,1,12,0,5
-20,8,-10,-2,1,-11,6,5,-10,14,1,-20,3,4,6,6
-4,0,-13,11,3,-13,-7,0,-4,7,1,-7,0,-2,6,0
-9,14,-20,-19,-3,-8,8,2,-11,12,0,-11,5,13,5,4
-3,3,-25,6,0,-18,-10,-10,12,27,-3,-14,-12,-7,7,-6
-17,-16,-22,5,-14,-10,-7,-4,9,10,2,-22,-16,-4,2,-3
-3,-2,-22,-6,-7,-4,16,9,4,-7,0,-15,2,9,17,0
0,6,-5,-6,-6,-1,18,7,2,-7,2,-9,6,11,9,7
0,3,-20,0,4,3,6,9,1,-2,0,-11,12,-1,4,-8
-3,-2,-10,5,-1,3,2,13,0,-6,5,-7,5,3,9,-2
1,-3,6,0,-4,4,0,4,0,-5,1,2,1,-3,-13,2
-6,-10,-9,2,-10,9,0,18,-7,-2,1,-15,6,-20,-12,-4
-14,-3,8,19,-9,8,-12,10,0,0,0,-10,-3,-23,-14,3
-18,-15,-2,5,-17,15,-8,16,-1,-6,9,-20,1,-15,-20,-5
7,-8,-3,1,-3,-5,-17,-11,15,10,0,4,-20,-9,-7,1
-6,-5,6,-7,32,-44,-40,-43,-4,22,-18,8,-27,6,11,-5
54,-12,-29,-30,47,-9,-22,-39,24,21,-2,53,-2,32,47,-37
17,-14,-54,-68,28,-46,-50,-37,-9,7,-6,0,-45,53,32,-40
-31,27,-56,45,-25,-33,36,-23,47,29,-10,-44,36,-11,-11,23
-18,3,10,9,-6,-2,2,11,3,6,6,-13,14,12,16,8
-17,-5,3,11,-16,15,17,14,12,18,21,-7,14,49,-2,16
-26,-19,-9,18,5,14,0,18,13,22,18,-15,3,22,4,-3
-21,-6,-27,-11,-9,-5,-11,15,-4,4,16,-16,-14,10,-3,-8
-2,-8,-11,7,-5,0,-6,7,9,-12,2,-8,-6,-8,14,-4
-9,0,-3,1,-10,-19,-6,3,-4,-1,0,-15,-8,0,2,0
-7,13,-12,6,5,-25,0,-6,2,22,-15,-15,7,-10,9,6
-15,11,-21,-1,-8,-17,9,-4,1,28,1,-16,1,2,0,11
-13,9,1,7,-1,-8,10,3,5,12,9,-13,5,5,2,4
-9,4,-4,1,2,-3,5,-1,-11,9,-8,-4,1,-7,-8,1
8,6,-10,-7,3,-1,11,-8,-2,15,-5,2,6,-3,4,-9
-13,8,-6,-2,6,-6,5,-6,-4,19,-3,0,12,1,0,5
11,16,-14,-11,-1,-3,9,-14,-2,14,-5,9,7,4,-12,0
8,9,-11,-10,1,-17,-2,-17,-11,15,-16,2,-1,-12,-1,0
5,-7,-21,-1,-13,-10,4,-2,12,-3,-1,-12,-11,-16,8,-3
0,1,-14,-8,-5,-11,13,2,3,-2,6,-12,0,8,17,-7
-3,-1,-12,-10,-5,2,16,8,-4,0,5,-11,2,0,0,0
-6,-1,-8,6,-8,-1,7,4,-3,0,4,-7,0,-1,-2,3
-4,-4,-15,1,-8,0,5,15,1,1,0,-8,4,-3,0,-1
-6,-3,2,-2,0,-2,-2,5,-13,-16,1,-9,9,-8,-3,0
0,-5,1,1,-6,-3,-5,0,-10,-4,-4,-8,3,-6,-12,-3
-18,12,11,1,-10,-11,4,11,-20,-13,-2,-13,5,-5,-20,17
-20,-4,9,12,-20,0,4,15,-16,-11,7,-30,-3,-11,-29,20
-39,4,1,21,-40,-22,8,9,-33,-2,-16,-47,-4,-31,-37,27
-53,1,45,14,-54,12,0,11,-55,-17,17,-33,-15,-23,-90,32
26,-18,17,-12,-2,32,-5,1,7,-11,25,36,-16,24,-20,-9
38,-40,-34,-49,55,6,-45,-6,26,-13,44,27,-24,67,68,-65
-28,8,-43,47,-19,7,30,7,51,11,9,-36,20,18,6,16
13,2,-12,8,-20,-10,21,-7,15,-9,-11,-3,-9,0,11,12
-2,7,18,-2,-1,-9,10,-9,-13,24,-4,0,16,26,-13,15
-26,-14,-4,16,9,16,-10,20,14,14,25,-16,-5,28,13,-4
-12,-12,-13,3,7,7,-26,2,10,14,17,-9,-13,4,8,-22
-28,9,-23,22,11,-24,-4,4,-1,26,-4,-24,15,-13,34,9
-6,13,-25,-1,-1,-21,1,-3,4,23,-14,-10,3,2,10,0
-16,7,-7,8,-14,-5,20,-2,10,25,1,-16,8,-4,-11,12
-13,14,-12,3,11,-19,-6,-9,-6,15,0,-8,9,-1,0,-4
0,3,-3,-4,0,-2,8,-2,-7,4,-7,-3,7,-2,0,4
0,5,-1,-4,-1,-4,8,-3,-4,7,-4,-1,1,0,0,2
-8,12,9,1,12,-1,2,-3,0,13,3,4,19,1,-6,-3
-3,4,3,-8,8,0,-4,0,-14,2,3,6,7,10,0,2
5,13,-4,-14,8,-7,-1,-15,-7,7,-16,9,-4,4,0,-1
14,3,-7,-16,-2,-10,-1,-16,-10,-12,-22,7,-11,-11,0,-8
4,3,-5,-7,-7,4,9,2,1,-8,-4,-6,2,-6,11,-5
-2,11,-4,-11,-15,-14,7,6,-5,-4,-2,-8,-3,3,5,7
-4,5,-13,-7,-12,-4,8,9,-3,-10,2,-8,4,-3,-5,1
4,4,-4,-3,-3,4,12,4,3,-3,-6,-3,4,-4,5,-2
4,3,-3,-10,0,-2,2,1,-5,1,-5,-3,9,-1,-5,-10
4,5,1,-2,1,-7,-1,-8,-15,2,-9,-1,4,-8,0,-5
-2,2,-3,-4,-2,-14,0,2,-11,-1,1,-11,0,13,7,4
0,7,13,1,-2,-1,12,7,-4,0,-2,-11,7,3,4,12
-13,8,12,5,7,-16,-9,0,-4,1,0,-9,-4,8,-9,17
-6,5,16,8,-25,0,-4,-17,-8,6,-3,2,-18,-10,-38,19
-23,-15,36,14,-29,34,-7,21,-9,-13,33,-8,-20,0,-63,20
-1,-9,33,-6,-17,36,-1,33,-16,-23,27,7,1,10,-49,-8
44,-29,33,-50,39,36,-11,33,-9,-44,41,42,-12,47,16,-38
40,-27,44,-26,5,38,-25,24,-10,-41,13,40,-40,0,0,-20
27,15,17,-27,34,-28,-26,-26,32,36,-31,28,-30,30,33,2
0,1,-24,-17,0,-11,16,-4,0,36,-4,0,16,10,10,-13
-28,-19,-17,19,-13,18,-1,28,32,28,26,-21,-15,28,25,0
3,6,-18,-15,-11,-6,19,7,2,-10,2,-7,-1,11,19,0
0,20,-3,-11,8,-7,22,9,-6,11,1,-5,33,12,23,7
-15,9,-4,15,-10,-11,10,-3,6,31,0,-13,7,7,5,19
-1,9,1,5,1,-9,4,0,-5,2,-10,-7,3,-3,2,9
0,3,16,10,19,11,4,0,-9,7,2,8,15,-1,-7,-2
5,1,2,2,0,4,4,4,3,8,0,8,7,2,0,1
0,11,-2,4,13,-1,7,0,0,11,-1,5,5,-2,0,-3
-4,5,5,-2,6,0,-6,-10,-2,8,-1,6,4,2,1,-4
-8,6,9,-9,2,0,5,-11,-17,7,-4,5,2,0,-13,3
9,9,-6,-7,-5,-5,0,-13,-14,1,-12,10,0,-3,-6,-5
2,4,-4,-6,-4,-4,-3,-6,-6,-12,-6,-4,-4,-4,2,0
10,2,-9,-3,-3,-6,8,1,1,-14,-5,-1,-11,6,11,0
1,8,-8,-6,-8,-6,8,0,-4,-1,-11,-2,-1,-2,4,2
0,10,-8,-4,-4,0,11,5,-2,-7,-1,-4,0,0,2,8
-2,7,-4,-7,-2,-1,8,5,-9,-3,5,-8,17,7,0,-4
-5,-2,0,1,5,7,0,12,-4,-1,9,2,6,2,-4,-5
-9,7,9,0,-9,8,14,15,-2,0,12,-11,4,13,2,8
-4,-2,7,9,7,2,4,3,5,1,-4,0,12,0,11,3
2,6,-1,9,4,-1,0,0,11,0,-5,-5,7,-14,-1,7
8,11,8,5,4,-2,5,1,12,8,-3,4,9,6,11,6
1,-10,4,10,6,11,0,-1,33,16,21,6,-5,11,-3,-4
2,-2,5,3,12,2,-5,-22,30,30,7,23,-12,10,-6,3
-18,7,25,-1,-30,3,9,13,-50,-11,6,-13,7,-12,-40,8
57,-39,56,-33,-6,43,-30,26,-3,-56,19,46,-44,-6,-12,-30
35,-33,54,-9,17,38,-35,36,-9,-42,25,41,-39,2,12,-22
21,2,14,-23,34,-26,-35,-31,36,33,-5,28,-25,28,35,4
18,-5,-25,-25,12,-22,27,13,12,23,6,-16,34,-23,13,-25
29,25,-26,-52,-46,0,65,-29,30,51,1,44,-23,35,-11,7
-2,2,1,0,-16,7,27,24,-8,-20,10,-8,10,11,11,11
11,2,20,-3,29,20,-4,11,-11,-4,0,10,21,0,-2,-8
7,3,20,9,9,21,0,7,0,-11,5,8,10,-2,-12,-3
11,10,4,-12,6,8,4,0,-12,-9,0,3,2,2,0,0
-10,12,10,13,10,8,0,-4,-12,7,0,6,9,-5,-12,9
2,7,13,2,7,-1,7,-2,-10,6,-7,7,8,-6,-3,1
-3,6,11,-5,6,0,-5,-7,-7,1,-6,15,6,2,-4,4
-10,3,3,5,4,0,-4,-2,-6,3,-2,3,15,2,-2,5
7,3,1,-8,-2,-4,0,0,-4,2,-7,5,12,0,-8,0
9,7,-1,-2,-2,-10,3,-11,-1,5,-12,2,-3,0,-4,-3
3,-1,-1,-8,-10,-4,-2,-3,2,-9,-8,2,-11,0,0,9
9,11,-11,-9,-19,-2,12,-2,0,-12,-9,0,-18,2,-1,12
1,2,-6,-8,-9,0,8,12,-9,-12,3,-2,4,3,-1,0
17,10,-4,-12,-2,-9,15,0,-2,-4,-10,4,5,-3,4,3
-14,8,-1,3,2,7,8,8,-3,0,14,-4,10,7,-1,-2
-5,-3,-2,4,12,-4,-3,0,0,9,1,-3,0,11,1,0
7,-2,1,-5,-2,-2,3,0,0,-3,1,2,6,3,-1,2
-4,-6,-13,4,-3,12,6,1,7,11,1,0,8,-6,-3,-7
1,-2,-3,2,-3,10,1,-4,14,7,6,7,-3,-1,2,0
-13,6,-8,-1,-9,9,22,12,9,3,14,-17,21,-1,-6,-7
3,2,-12,1,6,14,14,5,26,23,13,0,5,4,-4,-12
21,-21,1,8,15,12,-30,-20,48,5,15,42,-36,-3,5,-21
0,4,33,-5,-8,-2,-11,-17,-18,-4,-10,17,-6,-8,-35,10
36,-10,24,-62,10,32,4,49,-31,-42,18,32,8,22,6,-27
40,-27,46,-10,-16,37,-20,34,24,-41,25,38,-35,11,-27,-11
-31,-21,-17,22,-22,28,26,25,26,-18,27,-26,29,25,-5,17
38,-32,-28,-34,3,-6,30,3,27,24,0,-8,4,-39,12,-30
33,-8,-26,-29,-52,14,20,-3,24,-6,-11,2,-8,-4,7,-27
29,-15,14,-19,8,10,-18,-9,-6,-28,-5,30,-19,-2,-17,0
10,-21,-2,5,10,22,-11,8,2,-15,1,6,11,-25,0,-21
10,1,14,3,3,12,-1,-4,2,3,-13,7,8,-11,-4,-3
8,4,14,4,1,6,-1,7,0,1,1,10,0,-1,-7,5
-19,2,10,10,-2,9,5,15,-7,5,10,-1,5,0,-18,8
-23,12,9,6,4,0,-1,8,-13,10,0,-5,10,-2,-13,1
-1,3,2,7,-4,4,5,2,0,-3,-1,5,-8,0,-14,7
4,-2,4,4,-2,-3,-3,-1,-5,0,-7,-2,-3,-11,-10,-2
1,10,14,1,-3,-2,0,-18,-4,-1,-17,13,3,-17,-12,0
-1,3,1,-8,4,-3,1,4,-10,-9,3,4,-5,5,-4,-3
7,-7,-2,-17,-3,-2,7,5,1,-16,5,2,-5,8,1,0
11,9,-4,-8,-11,-2,13,-7,-3,-15,-10,7,-7,4,0,1
-2,5,1,-4,4,0,9,-3,-8,3,10,-2,5,15,-3,5
-1,2,11,-4,-6,-1,9,0,-9,-14,-4,-6,2,7,0,8
-3,0,11,-4,8,8,-9,14,-15,-10,10,2,15,8,-9,-5
0,3,-5,2,1,7,7,10,-1,-3,-3,5,4,0,-6,-5
3,3,-6,5,0,13,12,5,13,9,4,12,8,1,-1,-2
-4,2,-4,-1,10,6,9,0,3,9,12,5,14,4,3,-7
4,0,11,5,-1,12,8,1,5,-2,8,16,5,9,-2,0
16,-2,0,-1,15,7,-3,1,4,8,-1,10,5,-9,0,-11
10,-3,-1,-10,0,15,-1,-1,-1,0,7,12,-5,9,-8,-10
21,-11,-9,-12,-6,19,3,-9,29,4,2,24,-18,1,-13,-21
45,0,64,-24,-3,22,0,-17,-19,-17,-10,55,-15,26,-41,5
48,-20,39,-47,-11,36,-3,53,-9,-55,26,33,-12,1,-8,-21
42,-42,47,8,11,50,-28,-8,11,-40,0,50,-52,-28,-43,-21
0,0,-4,-4,4,2,0,2,-4,-4,0,2,0,0,-4,-4
35,-30,-38,-31,-8,7,46,15,51,27,13,-10,3,-34,30,-29
13,12,11,-14,-59,16,24,19,-22,-15,4,16,-1,26,-20,19
19,-15,0,-8,21,8,-26,-15,18,-4,-1,22,-20,-10,8,-14
-5,-19,-5,-11,17,15,-14,10,9,-3,21,0,1,9,12,-23
7,-4,9,1,6,8,-6,-5,5,8,4,18,7,0,6,-1
14,-10,8,1,15,4,-11,-6,6,0,1,12,0,3,3,-1
0,6,3,-5,1,4,-3,-3,-17,-5,0,2,5,1,-19,-5
-4,4,5,0,-8,-3,3,0,-16,-4,-3,1,0,-3,-8,0
-10,6,13,10,-4,0,-6,2,-12,0,-3,-4,-2,4,-13,15
0,3,22,15,0,-5,0,-10,-7,-6,-17,3,-2,-9,-14,8
-6,3,17,6,-5,-3,-6,-10,-15,-2,-4,2,-6,0,-16,9
-5,-2,10,4,-13,0,-1,5,-12,-10,0,-8,-4,1,-8,12
1,-2,13,-2,-15,-5,12,4,-4,-18,0,0,-7,4,5,7
-3,5,7,5,-10,-5,14,2,0,-8,-3,-3,-4,15,3,16
0,3,13,-3,2,-4,6,3,-2,-9,-2,-2,13,6,14,6
-2,8,2,-9,0,0,-3,0,-5,1,-5,0,2,4,-4,-4
0,5,-3,0,10,1,-6,2,-4,12,4,10,8,-1,1,-5
2,3,1,2,4,6,9,-3,2,7,-1,5,12,8,9,-3
9,-6,-6,-3,-2,6,0,-6,3,0,-6,10,-3,3,1,-4
-8,1,-2,7,1,2,2,0,3,13,2,8,7,1,-4,4
3,4,-1,-10,4,3,5,-6,2,0,-1,9,-4,8,-2,-2
3,-1,0,2,0,7,7,-3,16,7,5,4,0,7,-7,0
-3,-2,-7,-7,-3,-1,-1,-4,11,15,3,3,-6,7,-12,-1
-23,-12,2,7,-2,-4,-15,-8,16,8,24,-4,-24,25,-5,9
1,-7,78,33,-1,42,1,17,14,-18,28,37,10,20,-48,18
7,-32,12,12,-11,26,-5,42,33,-34,35,2,-7,10,13,-8
20,-39,54,25,29,52,-41,-27,31,-13,4,64,-54,-36,-46,-46
-37,-28,-31,33,-1,26,-38,34,27,-48,27,-40,-21,3,39,-35
31,-33,-24,-18,-26,28,40,24,42,-1,16,1,-5,-39,0,-31
-18,0,-9,-12,-61,21,26,51,0,-1,32,-18,16,22,-5,-8
15,-7,-11,-16,-5,25,20,5,21,1,10,20,0,14,-6,-17
6,-2,10,-3,21,11,-10,0,1,7,18,18,5,14,3,-9
18,-7,10,-16,9,11,-9,2,-4,-6,13,17,-5,15,-2,-10
7,0,7,-18,21,4,-11,-4,-19,8,-5,12,12,3,0,-12
10,7,16,-4,6,2,-3,-3,0,-7,-3,11,0,2,-3,3
-3,-1,1,6,-3,1,-2,-1,1,4,-4,7,0,1,-4,4
-11,4,14,5,-1,-8,-6,-6,-11,0,0,-6,-8,-8,-12,6
-5,-3,14,5,0,0,-15,-4,-15,-5,-7,-9,2,-16,-8,8
-6,4,9,0,0,-3,-11,0,-7,-4,1,-5,-2,-6,0,7
7,14,20,2,-3,-3,6,-13,-1,-5,-4,7,-11,17,-14,21
0,5,9,-3,2,1,6,0,0,-3,1,0,0,17,2,12
1,4,9,2,0,-9,2,-2,2,-7,-6,4,9,8,14,6
3,1,-3,-7,3,0,0,1,-1,-3,4,0,1,-2,2,-3
4,1,0,-11,0,7,2,3,-7,6,2,11,13,1,-3,-8
9,-6,0,0,2,6,2,-4,5,3,-5,6,1,-3,0,-4
2,3,0,5,-2,10,5,2,5,-3,1,3,-2,0,-4,3
6,-2,0,-13,-1,4,-6,5,0,4,4,10,3,1,-9,-2
1,4,-3,-6,3,0,0,-2,0,-2,-1,3,-1,0,0,0
10,2,-2,-7,-1,9,8,5,5,0,3,0,9,3,-3,-7
7,-12,-1,0,4,11,-8,0,13,0,9,2,-11,-6,-7,-14
13,-1,11,-11,4,3,-8,-17,-2,3,1,15,-11,13,-17,-4
15,-10,30,0,9,6,-23,-7,8,-12,16,18,-21,29,-6,8
23,-2,47,34,-18,20,8,-3,38,-22,-2,29,-16,-11,-13,21
-15,-23,-16,28,-20,-1,28,36,26,1,23,-31,8,38,21,21
49,-39,26,-18,-37,29,39,30,8,-46,-13,31,-41,26,23,5
6,15,-25,19,-18,-21,23,-14,21,13,-20,-15,-15,-16,17,23
-37,-43,-24,44,4,43,-42,35,41,45,41,-37,-32,28,29,-33
-26,8,5,14,23,-15,-11,-9,13,23,19,-1,4,41,26,22
15,15,-18,-24,3,5,34,8,5,14,16,15,22,16,-3,-14
2,1,7,-11,25,6,-9,-6,0,11,8,22,5,13,-7,-8
0,0,-1,-26,12,12,-5,1,-25,4,21,12,8,-1,-24,-21
2,3,1,-3,12,-5,-3,-5,-2,6,-2,3,10,0,-1,-2
4,0,15,4,3,0,0,-2,3,-2,-20,4,3,-13,3,5
0,-10,6,6,6,-5,-14,-2,-1,0,5,2,0,0,5,-4
2,-6,6,8,-8,5,-5,-8,5,0,0,2,-18,-2,0,1
5,-1,13,-5,-4,-6,-6,-13,4,-5,-14,2,-11,-6,-8,1
-4,5,15,2,-2,0,3,-13,5,8,-4,6,1,3,-13,7
-3,-3,12,6,4,6,-10,-8,7,6,0,0,-3,-1,-7,9
12,0,11,3,-4,1,1,-4,8,-12,-2,8,-5,5,4,3
1,7,5,-4,-1,7,9,-1,1,1,4,10,2,7,-2,0
11,3,4,1,1,0,8,-11,4,0,1,11,-7,4,0,3
9,6,-3,1,-8,3,9,-7,5,-11,-8,6,-3,-1,-2,0
4,-2,0,-4,0,6,3,-3,0,-2,3,12,-5,1,-14,-3
8,1,-6,-6,-2,-4,0,-8,-6,2,-1,10,-3,-5,-8,-7
3,4,-5,2,-4,0,4,2,-2,0,-2,-1,0,-3,0,-2
3,2,0,4,2,1,-4,-4,3,1,-4,2,-3,-3,1,-2
3,7,3,-5,2,9,6,-2,3,8,4,9,1,4,-3,-7
0,-11,12,2,1,7,-24,-19,5,0,-9,10,-18,-11,-19,0
11,-2,0,-13,-2,0,-16,-16,-3,-2,-18,4,-24,-7,-4,-8
-1,-1,4,10,21,-8,-9,-13,18,11,-1,7,5,12,15,1
62,-20,34,17,12,27,-15,-6,31,-30,-8,44,-20,-7,11,1
68,-24,18,1,-21,26,8,26,13,-55,2,16,-30,0,-5,9
33,-22,-4,11,-25,15,18,10,21,-25,-10,3,-37,-12,31,8
3,-1,5,3,-5,3,-4,2,0,-3,2,1,-2,4,4,-3
-24,-31,27,28,24,32,-25,-23,32,27,35,18,16,-33,-22,-31
4,7,16,0,18,-4,-7,-16,-4,9,-9,31,3,28,2,13
31,2,-5,-18,12,18,13,-5,20,2,-2,47,5,-1,-10,-9
15,0,2,-14,6,11,0,4,-5,-5,-8,22,15,-15,-16,-11
9,-6,1,-6,20,9,-31,-4,-19,-4,11,20,12,-10,-19,-22
18,-10,-7,-4,9,9,-4,-3,-1,-7,-5,7,-2,-12,-5,-13
8,-10,10,-3,-9,4,-9,-4,-2,-8,-8,6,-20,-7,-18,-3
7,-11,1,-2,8,-1,-6,0,10,0,3,4,-14,-1,5,-4
10,-7,-1,-1,3,7,-4,-12,12,0,-5,10,-2,0,-1,-6
6,-3,9,4,-4,-1,-8,-4,14,4,-1,8,-10,1,-12,10
8,-4,8,4,1,10,-2,-8,11,0,-1,14,-5,9,2,7
-8,0,15,11,-4,0,0,-3,8,13,2,6,-16,8,-12,16
-1,-9,6,10,3,-1,-7,0,0,9,0,8,-1,0,-5,0
-2,1,-4,2,-4,5,8,1,8,10,1,10,4,4,-5,6
2,2,5,0,0,3,6,-6,-7,9,4,8,-3,6,-17,0
16,10,-4,-2,-1,0,9,-8,0,-2,-7,11,5,6,6,-3
6,2,-4,-10,-1,-1,0,-8,3,0,-12,1,6,-1,4,-9
17,8,-6,-7,0,3,6,-6,7,1,-17,12,-3,-10,-1,-2
7,-6,-4,-4,1,-1,-6,-7,4,-7,-17,6,-6,-5,3,2
14,-5,4,-15,-1,2,0,-7,1,-5,-15,15,-14,-9,-16,-8
2,-1,5,-12,0,0,-2,-8,-4,-5,-1,5,-16,-1,-13,0
3,-6,0,-2,8,-4,-19,-15,2,-4,-6,0,-13,0,0,-5
8,2,-4,-15,6,1,-6,-2,-12,-5,-8,-2,-9,-2,0,-5
12,-11,12,5,-4,0,0,23,-1,-26,-2,-9,3,-10,15,0
28,-8,3,16,26,-2,-14,-7,9,-23,-21,7,12,-13,31,-1
31,14,-1,34,-36,-1,35,-18,26,-5,-18,3,-21,-35,-1,25
27,17,-30,27,10,-22,12,-18,33,24,-20,3,5,-2,35,7
22,22,-27,25,-23,-24,26,-19,22,0,-21,-15,-25,-19,27,19
34,-25,-6,-17,-15,31,8,11,16,-15,17,23,-16,-23,-16,-18
50,-42,2,-23,-15,60,11,32,-8,-30,20,27,-12,-4,-21,-5
31,-8,-4,9,-2,9,0,-17,36,-2,-26,33,-13,-35,3,-4
7,-9,-9,-8,11,-4,-23,-11,5,0,-11,5,-5,-18,15,-13
2,15,0,10,5,-10,-2,3,8,-1,-10,-2,5,-4,17,8
0,-19,-7,3,1,-6,-16,0,7,-11,-14,-2,-18,-13,7,-6
7,-11,-6,-1,1,-2,-14,-15,2,0,-17,1,-26,-18,1,0
4,7,-4,-3,0,0,8,-4,9,5,0,1,-3,0,5,3
0,4,13,-5,-5,-5,-3,-4,-5,-1,-6,1,-2,7,-3,6
5,-2,1,7,-2,2,-2,-2,7,4,-4,2,0,0,1,2
0,1,9,2,-2,1,-5,-6,4,5,0,9,-4,5,-2,6
1,8,4,2,0,3,-2,-3,5,14,0,8,-1,3,-4,1
7,-3,3,-3,-3,0,-5,-6,0,10,0,9,-13,0,-12,4
2,6,4,-1,-5,0,-2,-9,5,5,-1,8,-10,0,-2,4
0,1,-5,-4,-5,-2,3,-8,7,8,-3,4,-3,2,0,2
5,-3,-1,2,3,3,3,4,7,0,-1,3,-4,-5,-4,0
13,7,4,-7,-9,0,0,-7,0,-3,-6,16,-8,17,-11,6
10,-1,2,-1,-7,1,9,0,3,0,-10,13,-14,-2,-2,1
11,0,2,-10,-1,11,8,-2,-6,-16,-7,12,-3,3,-4,-3
5,9,2,-6,0,-5,-3,-12,-3,0,-17,0,-3,2,6,5
11,-1,5,1,3,-11,0,-4,0,-6,-5,-5,-1,-1,21,0
3,6,14,-12,15,-1,-11,-14,-13,0,3,12,1,8,-6,-1
17,-3,27,-17,14,9,-15,-9,-24,-16,-5,27,-2,5,-8,2
25,10,12,20,1,-5,14,10,10,-29,-31,-9,8,-8,44,25
34,-29,4,19,7,3,-11,-3,40,-20,-25,13,-25,-1,48,7
4,-16,55,48,21,38,-21,-47,34,29,2,56,-32,-36,-44,12
-9,-1,5,20,11,14,-12,3,17,18,4,0,10,-15,-3,1
21,22,-25,25,-28,-16,27,-13,29,6,-28,-20,-23,-21,26,17
11,6,-19,12,-15,-9,14,-5,15,-3,-14,-8,-9,-13,21,10
48,-14,3,-8,-2,45,-13,-1,-13,-15,-7,24,-16,-9,-22,1
40,-1,-5,-18,-2,6,-11,-14,-8,-19,-32,14,-20,-35,-5,-17
22,-2,-8,-7,-9,-6,-9,-13,-6,-14,-19,12,-18,-2,18,4
10,-16,0,28,-26,-2,7,-5,36,-10,-10,-3,-34,-12,10,19
0,-17,3,3,-10,2,-13,8,9,-11,0,0,-15,-12,4,3
0,-13,3,7,0,1,-13,0,3,-12,2,1,-10,4,2,-3
-1,-7,6,8,-1,4,-2,10,3,-6,1,8,1,-6,4,3
6,-10,3,9,0,7,-7,-5,7,-7,-2,9,-8,-1,1,4
-4,1,4,7,-2,1,2,-2,-1,-3,-1,-1,3,-4,-7,4
10,0,-1,-8,6,1,-7,-3,-7,-2,-1,4,-2,-3,0,-4
-6,1,4,5,4,-1,-6,-2,-4,6,5,0,2,1,-9,-2
-2,3,9,4,2,-4,-12,-13,0,10,-2,7,1,-4,-15,-1
-4,-5,0,-1,4,-5,-8,-4,0,0,-2,-6,-5,-3,2,0
0,-4,-1,0,0,0,0,-9,9,13,0,3,-8,-3,-12,4
0,1,0,0,4,-1,-3,-1,8,4,7,8,-3,-1,-2,-7
2,-2,-6,-5,1,0,4,1,8,1,-5,5,-1,-1,2,1
7,0,1,0,-1,0,-7,-8,11,-5,-5,5,-6,6,5,0
5,0,-5,-1,5,1,1,-6,12,1,5,6,1,11,1,1
16,-7,0,5,0,3,6,0,9,-5,-10,16,-8,-8,10,0
6,16,3,-11,-6,-3,7,-7,0,0,-15,10,0,3,-4,10
1,-2,-1,-23,16,8,-8,3,-21,-7,4,9,10,-6,-4,-22
16,10,2,-15,33,-5,-19,-8,-16,-7,-18,0,12,3,33,-18
23,1,6,-3,10,-5,0,10,-12,-34,-24,-10,16,8,44,7
17,-18,-9,15,3,-17,-14,-12,41,-7,-32,-3,-24,-8,31,3
-25,45,-31,-16,29,-26,-7,-53,69,38,-48,8,11,31,24,-4
-15,-11,11,21,13,15,-18,3,19,19,4,6,19,-26,-5,2
-2,-2,2,2,-1,0,1,-3,-5,4,3,-5,0,2,1,4
1,-3,-3,0,0,5,3,-3,3,5,-2,0,1,0,3,4
39,-34,-32,-34,12,37,-39,-47,30,12,-4,48,-41,7,-31,-37
60,0,-34,-69,34,9,-40,-17,-35,8,-19,45,20,-21,-7,-48
18,-22,-7,-45,16,5,-14,0,-11,-11,19,22,-13,32,1,-24
6,-7,-2,-1,7,7,-4,-13,19,4,-5,15,-13,2,10,-9
8,-2,1,0,2,13,4,0,15,5,5,16,3,-3,3,-6
-3,-12,-3,5,-1,17,10,11,7,0,18,4,0,-3,-1,-4
6,0,2,-9,1,-5,-10,-6,-11,2,-13,2,0,-4,0,1
1,-5,-1,0,3,3,-6,-3,6,-2,0,5,-5,0,-3,0
4,-7,-2,0,14,-2,-11,-1,0,7,-1,3,-1,-3,3,-15
9,-8,0,3,9,0,-10,-4,1,-1,1,1,-3,-2,-2,-11
1,2,2,9,0,-1,-10,-8,-1,-3,-5,0,-9,-3,4,2
1,-2,-4,-3,-2,-1,-8,-4,-4,0,0,-5,-8,-7,-9,-6
0,6,3,1,6,-1,-11,-6,-4,3,2,-1,1,-6,-1,-6
0,-3,-4,2,-3,0,-2,-3,-1,1,2,-5,-7,0,-2,-1
3,3,0,1,0,-4,-13,-9,0,-1,-2,-2,-7,4,-1,7
1,-5,-6,4,0,-1,-3,0,-1,5,-9,1,-5,-5,1,0
1,0,-3,-16,-8,9,8,-1,-9,-15,4,9,-2,0,-21,-4
17,8,7,-7,-6,-2,6,-4,-7,-8,-11,7,-5,-7,-12,5
19,8,2,-17,2,0,-2,-18,-9,-6,-14,14,0,-5,-1,-3
10,9,17,-17,3,-6,-6,-16,-25,-9,-27,9,3,-3,-9,8
0,-4,30,12,0,-3,-29,2,-17,-21,-17,2,-3,-20,-8,4
20,-2,21,-32,7,-5,-24,-12,-49,-35,-35,9,-9,-7,-2,-6
29,9,2,-26,6,4,0,13,-38,-33,-35,2,18,4,18,-3
6,15,1,-6,12,-3,-8,-14,-3,3,-21,14,5,24,12,2
48,3,-56,-29,13,-6,22,-55,66,28,-25,40,-32,44,35,-21
-4,-2,-4,-4,3,2,4,0,-5,1,5,-2,-4,-3,-1,2
2,2,-3,4,4,2,3,-1,5,-2,3,1,-4,-5,-4,1
-1,5,4,0,4,-4,-5,-1,-4,3,-3,0,1,0,-4,3
14,-31,-25,-10,-30,30,0,-4,30,17,21,13,-22,25,-12,-15
20,-34,-56,-47,46,14,-6,7,37,56,34,21,26,10,32,-62
9,-20,-24,-6,30,35,-3,10,7,14,4,7,25,-25,3,-40
-13,7,-10,13,17,6,2,23,11,18,16,-17,23,4,29,-4
0,8,-17,-16,5,13,30,8,6,12,8,5,12,18,5,-10
8,-1,-24,-7,-3,1,14,6,4,3,-4,-2,0,5,0,-12
-3,-1,0,-6,4,0,-7,1,-6,-1,0,0,4,3,-6,-4
7,6,-1,-2,8,0,0,-6,1,9,0,11,-4,6,-2,0
0,-2,-7,-2,2,1,-1,2,5,8,-2,0,-1,-7,-3,-12
0,3,-9,-19,-2,0,4,0,-7,1,0,1,-4,7,-4,-9
-1,-5,3,-5,3,-1,-15,-2,-1,2,-2,3,-8,1,-10,-5
-3,-9,-6,-1,6,-2,-11,0,2,6,7,4,0,10,-3,-10
11,-11,3,-15,4,5,-5,-6,0,5,7,9,-13,8,-4,-1
-4,-2,-2,2,3,-5,-16,-4,2,5,3,0,-4,-2,1,-3
-2,5,0,-17,1,0,-8,-3,-16,3,2,0,-7,3,-16,-9
9,-6,0,5,13,6,-2,0,15,1,0,8,2,0,8,-4
12,2,12,-2,4,-12,-17,-12,-7,-7,-17,7,-9,0,5,4
0,5,9,-14,-6,-21,-5,0,-13,-24,-5,-4,-14,8,15,12
7,-5,-3,-8,3,-7,0,1,-12,-25,-2,-4,4,0,16,4
21,-1,6,-17,6,14,4,4,-6,-31,4,12,1,8,4,-5
15,8,1,-27,20,-6,-4,6,-20,-13,-13,6,21,-8,17,-15
10,29,0,-17,-4,-16,11,5,-35,-31,-51,-9,26,-15,7,-2
52,-32,48,17,28,38,-30,-12,19,-33,-19,42,-15,-7,-10,9
19,15,34,40,-51,27,54,23,5,-40,-25,15,12,-16,-9,63
39,-24,18,32,-47,30,27,-23,39,-44,-12,22,-38,3,-4,31
0,2,-1,4,0,0,1,0,3,0,1,-3,-1,4,2,1
1,-5,-3,1,0,3,-4,5,3,-5,-2,1,-3,3,5,1
2,-1,1,1,-4,-4,2,-2,0,0,2,-2,3,3,0,-5
31,33,13,-24,22,-32,-22,-33,-38,-32,-34,-12,24,-33,25,-22
-47,14,13,52,31,-32,-17,1,30,36,23,-24,35,49,47,41
-13,7,-12,5,46,-9,-2,-3,17,44,13,1,12,17,32,-8
0,3,-38,-3,47,0,6,14,-13,5,-4,-6,31,-25,34,-32
9,-9,-19,-16,9,13,-13,0,0,-19,0,6,-8,-2,2,-30
1,-15,-22,-27,17,4,-9,8,-6,-1,1,-7,7,-4,5,-36
6,-12,-56,-14,3,11,-1,15,0,-3,5,-11,11,-8,10,-40
5,-8,-50,-20,13,-2,6,3,11,12,9,-9,4,4,24,-33
-7,-3,-33,-39,17,0,-4,13,-24,2,5,-4,6,3,-1,-30
-7,-4,-24,-19,19,-4,-12,14,-13,11,17,-15,5,10,2,-28
9,-15,-33,-23,11,2,0,13,6,-12,5,-2,0,-2,20,-22
4,-2,-18,-29,22,0,-12,1,0,-7,4,-1,9,5,18,-20
1,-1,-9,-23,6,-2,-3,14,-11,-27,6,-13,1,8,17,-13
3,-2,0,-33,22,-2,-12,3,-12,-16,9,4,-3,17,23,-8
1,-14,-3,-33,27,-1,-27,15,-19,-20,6,-7,5,7,11,-24
8,-10,-2,-34,25,-10,-19,6,-12,-20,7,-6,0,14,22,-12
0,-5,-15,-33,25,-18,0,6,-6,-17,0,-10,6,13,31,-21
9,-13,-35,-31,22,-6,-23,5,-6,-9,9,0,-6,3,24,-41
-2,7,-23,-27,0,-25,0,10,-20,-27,-12,-18,5,-3,35,-8
-2,1,-14,8,26,-29,-11,0,5,-1,2,-19,8,2,62,0
10,4,-42,-20,45,-26,-16,-17,21,37,5,5,1,18,71,-24
13,18,-37,-19,31,-51,10,-9,2,28,-18,3,14,11,49,-12
38,-23,-52,-19,58,-52,-44,-37,38,32,-23,30,-27,11,67,-57
-20,15,-3,30,14,-13,19,29,-13,3,-17,-17,18,-30,20,7
29,-30,33,-14,-27,30,-30,-25,29,-28,30,28,-32,25,-28,19
0,-3,-1,1,-4,0,-3,-5,3,3,4,-5,-3,0,3,-1
3,-1,-2,5,0,1,4,0,-4,-3,-4,-5,-3,-2,-4,5
-2,4,-1,3,4,2,0,2,-5,-5,-2,-4,2,-3,-1,-4
2,-2,2,3,4,-2,3,1,2,1,2,-3,-3,-3,0,-3
-24,-6,-14,24,18,-23,-20,25,-23,-23,-31,-25,22,-28,33,-18
17,18,8,-10,33,-25,3,-19,-36,-13,-38,2,30,-28,-1,-2
26,10,-8,-21,14,-3,20,-11,-10,5,-14,13,23,-12,-12,-20
0,9,-19,-2,-14,6,31,17,-13,-23,-3,-10,42,-20,3,-13
0,-17,-46,2,-29,24,14,38,-14,-51,-2,-32,10,-27,-5,-27
-13,-6,-25,-8,-34,6,12,27,-20,-38,-3,-34,6,-11,-12,-11
-13,-8,-41,2,-4,-4,-8,24,-4,-31,0,-33,15,-16,25,-14
-1,-4,-43,-7,9,7,-6,17,3,-9,-1,-20,15,-8,28,-30
-7,-14,-39,0,27,-8,-33,-3,-5,7,-3,-20,3,-8,37,-31
-3,-4,-9,0,30,-12,-33,2,-12,-3,-3,-20,14,-8,21,-20
-13,-19,-45,-9,31,2,-28,15,-3,-3,5,-16,14,-7,29,-40
-10,-9,-49,-6,19,-1,-32,18,-11,-20,-4,-31,16,-16,34,-43
0,-18,-50,8,39,6,-23,8,14,11,1,-16,9,1,66,-37
0,-12,-45,2,28,1,-15,10,12,0,-2,-14,15,-9,57,-37
-1,-15,-58,-7,10,-4,-8,16,7,-9,3,-23,8,-8,42,-37
-12,-10,-43,2,0,0,-9,21,-1,-13,2,-24,14,-12,36,-34
-13,-25,-31,21,29,15,-19,24,18,-1,11,-18,14,-6,44,-38
4,-3,-49,-2,25,-14,-26,-1,-2,-9,-9,-19,13,-16,60,-58
2,-8,-37,4,26,-13,-23,0,3,1,4,-18,3,-1,78,-34
-17,-27,-34,23,15,4,-27,14,14,3,11,-22,-2,4,60,-39
0,10,6,3,20,-21,-21,0,-14,-21,-15,-9,9,-23,15,-11
-16,-8,-15,18,-16,-19,-1,19,-31,-29,-40,-26,41,-25,13,-7
-10,-11,1,3,-1,16,4,12,17,13,18,-4,-12,17,-1,-1
-4,1,2,0,-1,4,-5,1,-1,4,-3,1,0,0,-2,-4
-3,3,0,1,0,3,0,-3,0,-1,-4,3,1,-3,-5,4
0,1,-4,-5,-3,0,0,5,-5,3,1,-3,1,-4,-2,2
4,0,4,-3,1,-4,-3,-4,-3,1,-3,4,-2,-4,2,0
-2,-3,4,0,-1,-1,3,0,0,4,3,-2,-3,-2,1,-4
-1,-5,-2,1,5,-2,-1,0,0,-2,3,2,2,-5,2,2
-11,-13,-10,15,-2,21,6,12,17,14,20,-1,-20,18,-6,6
-38,-28,-21,23,-21,27,33,30,40,29,37,-6,-35,33,-7,18
-9,-4,-9,5,2,5,-17,2,-2,-5,-5,-29,0,-6,19,-9
-1,0,-10,6,6,-7,-26,4,-1,-15,-7,-27,7,-13,22,-17
-14,-15,-26,24,-2,2,-17,11,1,-12,7,-40,-7,1,27,-18
-3,1,-3,-3,18,-6,-25,0,-12,-26,-9,-35,12,-15,46,-19
-23,-18,-27,27,24,8,-13,20,12,9,14,-36,11,1,72,-8
-5,-3,-21,5,23,0,-24,1,14,12,0,-2,-5,6,66,-14
0,5,-4,0,28,-10,-25,-4,-6,-3,-2,-7,-1,-5,57,-14
-34,-26,-11,26,4,25,-9,21,36,22,31,-26,-23,20,59,3
-19,-18,-24,36,9,3,-52,18,4,-22,7,-82,7,-14,74,-26
-13,-9,-18,14,-5,3,-13,16,7,0,10,-52,-1,5,36,-9
-6,-4,3,10,7,-2,-13,7,1,-10,-3,-52,15,-5,45,7
-45,-28,-17,40,-11,27,0,33,24,17,27,-65,-16,25,31,5
-16,8,5,10,14,-7,-11,8,-9,-15,-6,-39,22,-13,37,-8
-26,-20,-6,31,-9,16,5,25,14,0,17,-35,0,13,25,15
-9,0,-1,14,-5,1,6,6,-4,-10,-1,-30,6,3,13,7
-34,-22,-32,31,-33,21,14,35,21,9,24,-45,-11,23,23,9
-26,-12,-25,16,-18,10,6,25,17,7,15,-39,-7,9,30,-5
-38,-39,-34,38,-33,39,39,42,41,45,38,-26,-41,45,1,24
-4,-1,4,1,0,1,0,0,-1,5,-3,2,-5,2,-3,-2
-1,4,5,-2,0,1,-3,-4,3,-4,3,0,-5,-5,4,1
0,2,-5,0,0,-4,2,-4,-1,-2,-4,5,0,4,-2,-1
-4,5,-5,0,1,0,3,2,4,0,0,-4,0,0,0,-4
